{
  "stop_reason": "patience",
  "iter_count_total": 25,
  "dx_end": 0.8715875660223408,
  "dn_end": 0.6331934256122267,
  "dprice_end": 1.2071486930746218,
  "unserved_demand_total": 0,
  "SelfAudit": {
    "ok": true,
    "severe": [],
    "warnings": [
      "C2 is smoothed mismatch; check C2_rel and dx_end for convergence",
      "aircraft rerouting ignored feasible VT-related alternatives",
      "ratio_req high but mu_kw ~ 0 at s2,5",
      "ratio_req high but mu_kw ~ 0 at s2,7",
      "ratio_req high but mu_kw ~ 0 at s3,6",
      "ratio_req high but mu_kw ~ 0 at s3,7",
      "vertiport cap rerouting ignored feasible VT-related alternatives"
    ]
  },
  "vertiport_cap_triggered_count": 30.0,
  "aircraft_binding_count": 63.0,
  "rerouted_to_evtol": 4677.656223830261,
  "rerouted_to_multimodal": 1401.67862477258,
  "rerouted_to_ev": 1863.340607575745,
  "rerouted_unserved": 0.0,
  "peak_t": 5,
  "peak_prices": {
    "s1": {
      "base_price": 0.27,
      "surcharge": 11.092223618527331,
      "effective_price": 11.36222361852733
    },
    "s2": {
      "base_price": 0.27,
      "surcharge": 11.47895127699051,
      "effective_price": 11.74895127699051
    },
    "s3": {
      "base_price": 0.27,
      "surcharge": 13.80609395233856,
      "effective_price": 14.07609395233856
    }
  },
  "representative_od_summary": {
    "od": "B-D",
    "mode_share_by_group_and_supermode": {
      "iteration": 25,
      "od": "B-D",
      "t": 5,
      "shares": {
        "high": {
          "EV": 0.9694092021450802,
          "eVTOL": 0.030590797854919884,
          "EV_to_eVTOL": 0.0
        },
        "low": {
          "EV": 0.9693843350003228,
          "eVTOL": 0.030590797854919874,
          "EV_to_eVTOL": 2.4867144757206182e-05
        },
        "mid": {
          "EV": 0.9694092021450801,
          "eVTOL": 0.030590797854919877,
          "EV_to_eVTOL": 0.0
        }
      }
    },
    "mode_share_by_group_and_mode": {
      "iteration": 25,
      "od": "B-D",
      "t": 5,
      "shares": {
        "high": {
          "pure_EV": 0.9694092021450802,
          "pure_eVTOL_fast": 0.030590797854919884,
          "pure_eVTOL_slow": 0.0,
          "multimodal_EV_to_eVTOL_fast": 0.0,
          "multimodal_EV_to_eVTOL_slow": 0.0
        },
        "low": {
          "pure_EV": 0.9693843350003228,
          "pure_eVTOL_fast": 0.030590797854919874,
          "pure_eVTOL_slow": 0.0,
          "multimodal_EV_to_eVTOL_fast": 2.4867144757206182e-05,
          "multimodal_EV_to_eVTOL_slow": 0.0
        },
        "mid": {
          "pure_EV": 0.9694092021450801,
          "pure_eVTOL_fast": 0.030590797854919877,
          "pure_eVTOL_slow": 0.0,
          "multimodal_EV_to_eVTOL_fast": 0.0,
          "multimodal_EV_to_eVTOL_slow": 0.0
        }
      }
    }
  },
  "mode_share_by_group_and_supermode": {
    "iteration": 25,
    "od": "B-D",
    "t": 5,
    "shares": {
      "high": {
        "EV": 0.9694092021450802,
        "eVTOL": 0.030590797854919884,
        "EV_to_eVTOL": 0.0
      },
      "low": {
        "EV": 0.9693843350003228,
        "eVTOL": 0.030590797854919874,
        "EV_to_eVTOL": 2.4867144757206182e-05
      },
      "mid": {
        "EV": 0.9694092021450801,
        "eVTOL": 0.030590797854919877,
        "EV_to_eVTOL": 0.0
      }
    }
  },
  "mode_share_by_group_and_mode": {
    "iteration": 25,
    "od": "B-D",
    "t": 5,
    "shares": {
      "high": {
        "pure_EV": 0.9694092021450802,
        "pure_eVTOL_fast": 0.030590797854919884,
        "pure_eVTOL_slow": 0.0,
        "multimodal_EV_to_eVTOL_fast": 0.0,
        "multimodal_EV_to_eVTOL_slow": 0.0
      },
      "low": {
        "pure_EV": 0.9693843350003228,
        "pure_eVTOL_fast": 0.030590797854919874,
        "pure_eVTOL_slow": 0.0,
        "multimodal_EV_to_eVTOL_fast": 2.4867144757206182e-05,
        "multimodal_EV_to_eVTOL_slow": 0.0
      },
      "mid": {
        "pure_EV": 0.9694092021450801,
        "pure_eVTOL_fast": 0.030590797854919877,
        "pure_eVTOL_slow": 0.0,
        "multimodal_EV_to_eVTOL_fast": 0.0,
        "multimodal_EV_to_eVTOL_slow": 0.0
      }
    }
  },
  "pure_evtol_service_class_share": {
    "iteration": 25,
    "od": "B-D",
    "t": 5,
    "shares": {
      "fast": 1.0,
      "slow": 0.0
    }
  },
  "all_evtol_service_class_share": {
    "iteration": 25,
    "od": "B-D",
    "t": 5,
    "shares": {
      "fast": 1.0,
      "slow": 0.0
    }
  }
}