{
  "representative_od": "B-D",
  "tol": 1.6,
  "strict_audit": true,
  "audit_raise": true,
  "strict_convergence": true,
  "stop_reason": "patience",
  "iter_count_total": 16,
  "converged_strictly": false,
  "converged_loose": true,
  "audit_ok": true,
  "max_residual_end": 11.12209927147174,
  "patience_only_stop": true,
  "dx_end": 0.29921728645227746,
  "dn_end": 1.2348316396314107,
  "dprice_end": 0.0,
  "C2_rel": 0.38634646235890246,
  "C10": 11.12209927147174,
  "unserved_demand_total": 0,
  "SelfAudit": {
    "ok": true,
    "severe": [],
    "warnings": [
      "C2 is smoothed mismatch; check C2_rel and dx_end for convergence",
      "strict convergence thresholds not satisfied"
    ]
  },
  "peak_t": 6,
  "peak_t_selection_rule": "max_total_demand",
  "peak_t_total_demand": 200.09445999999997,
  "rerouted_to_evtol": 56.72347664087448,
  "rerouted_to_multimodal": 288.94709405024514,
  "rerouted_to_ev": 352.46512142973734,
  "rerouted_unserved": 0.0,
  "representative_od_summary": {
    "od": "B-D",
    "mode_share_by_group_and_supermode": {
      "iteration": 16,
      "od": "B-D",
      "t": 6,
      "shares": {
        "high": {
          "EV": 0.5840371832626424,
          "eVTOL": 0.10148125651901166,
          "EV_to_eVTOL": 0.3144815602183459
        },
        "low": {
          "EV": 0.6135350192044627,
          "eVTOL": 0.048829245345609534,
          "EV_to_eVTOL": 0.33763573544992764
        },
        "mid": {
          "EV": 0.5840416008033381,
          "eVTOL": 0.10109440609837894,
          "EV_to_eVTOL": 0.314863993098283
        }
      }
    },
    "mode_share_by_group_and_mode": {
      "iteration": 16,
      "od": "B-D",
      "t": 6,
      "shares": {
        "high": {
          "pure_EV": 0.5840371832626424,
          "pure_eVTOL_fast": 0.0,
          "pure_eVTOL_slow": 0.10148125651901166,
          "multimodal_EV_to_eVTOL_fast": 0.0,
          "multimodal_EV_to_eVTOL_slow": 0.31448156021834583
        },
        "low": {
          "pure_EV": 0.6135350192044627,
          "pure_eVTOL_fast": 0.0,
          "pure_eVTOL_slow": 0.048829245345609326,
          "multimodal_EV_to_eVTOL_fast": 0.02714846666028303,
          "multimodal_EV_to_eVTOL_slow": 0.31048726878964467
        },
        "mid": {
          "pure_EV": 0.5840416008033381,
          "pure_eVTOL_fast": 0.0,
          "pure_eVTOL_slow": 0.10109440609837894,
          "multimodal_EV_to_eVTOL_fast": 0.0003856364371968185,
          "multimodal_EV_to_eVTOL_slow": 0.3144783566610862
        }
      }
    }
  },
  "pure_evtol_service_class_share": {
    "iteration": 16,
    "od": "B-D",
    "t": 6,
    "shares": {
      "fast": 0.0,
      "slow": 0.9999999999999989
    }
  },
  "all_evtol_service_class_share": {
    "iteration": 16,
    "od": "B-D",
    "t": 6,
    "shares": {
      "fast": 0.029615659704804197,
      "slow": 0.9703843402951958
    }
  },
  "case_label": "mechanism_validation_illustrative",
  "bottleneck_summary": "aircraft_inventory_or_turnaround_dominant_not_shared_power"
}