{
  "stop_reason": "patience",
  "iter_count_total": 47,
  "dx_end": 0.4522387584309852,
  "dn_end": 1.379507414237139,
  "dprice_end": 1.0263633323554942,
  "unserved_demand_total": 0,
  "SelfAudit": {
    "ok": true,
    "severe": [],
    "warnings": [
      "C2 is smoothed mismatch; check C2_rel and dx_end for convergence",
      "aircraft rerouting ignored feasible VT-related alternatives",
      "vertiport cap rerouting ignored feasible VT-related alternatives"
    ]
  },
  "vertiport_cap_triggered_count": 6.0,
  "aircraft_binding_count": 7.0,
  "rerouted_to_evtol": 150.6129131253341,
  "rerouted_to_multimodal": 69.78856122153658,
  "rerouted_to_ev": 352.3542865934054,
  "rerouted_unserved": 0.0,
  "peak_t": 5,
  "peak_prices": {
    "s1": {
      "base_price": 0.24,
      "surcharge": 0.3790789494491665,
      "effective_price": 0.6190789494491664
    },
    "s2": {
      "base_price": 0.22,
      "surcharge": 0.0,
      "effective_price": 0.22
    },
    "s3": {
      "base_price": 0.2,
      "surcharge": 0.39111719102347975,
      "effective_price": 0.5911171910234798
    }
  },
  "representative_od_summary": {
    "od": "B-C",
    "mode_share_by_group_and_supermode": {
      "iteration": 47,
      "od": "B-C",
      "t": 5,
      "shares": {
        "high": {
          "EV": 0.9849846370106068,
          "eVTOL": 0.0,
          "EV_to_eVTOL": 0.015015362989393223
        },
        "low": {
          "EV": 0.7078112007252501,
          "eVTOL": 0.005798666058354485,
          "EV_to_eVTOL": 0.2863901332163955
        },
        "mid": {
          "EV": 0.870169066685194,
          "eVTOL": 0.0,
          "EV_to_eVTOL": 0.12983093331472284
        }
      }
    },
    "mode_share_by_group_and_mode": {
      "iteration": 47,
      "od": "B-C",
      "t": 5,
      "shares": {
        "high": {
          "pure_EV": 0.9849846370106068,
          "pure_eVTOL_fast": 0.0,
          "pure_eVTOL_slow": 0.0,
          "multimodal_EV_to_eVTOL_fast": 0.015014408779434697,
          "multimodal_EV_to_eVTOL_slow": 9.5420995852395e-07
        },
        "low": {
          "pure_EV": 0.7078112007252501,
          "pure_eVTOL_fast": 0.005340477968812693,
          "pure_eVTOL_slow": 0.00045818808954179157,
          "multimodal_EV_to_eVTOL_fast": 0.00932418325077391,
          "multimodal_EV_to_eVTOL_slow": 0.27706594996562156
        },
        "mid": {
          "pure_EV": 0.870169066685194,
          "pure_eVTOL_fast": 0.0,
          "pure_eVTOL_slow": 0.0,
          "multimodal_EV_to_eVTOL_fast": 0.015014234408871337,
          "multimodal_EV_to_eVTOL_slow": 0.11481669890585153
        }
      }
    }
  },
  "mode_share_by_group_and_supermode": {
    "iteration": 47,
    "od": "B-C",
    "t": 5,
    "shares": {
      "high": {
        "EV": 0.9849846370106068,
        "eVTOL": 0.0,
        "EV_to_eVTOL": 0.015015362989393223
      },
      "low": {
        "EV": 0.7078112007252501,
        "eVTOL": 0.005798666058354485,
        "EV_to_eVTOL": 0.2863901332163955
      },
      "mid": {
        "EV": 0.870169066685194,
        "eVTOL": 0.0,
        "EV_to_eVTOL": 0.12983093331472284
      }
    }
  },
  "mode_share_by_group_and_mode": {
    "iteration": 47,
    "od": "B-C",
    "t": 5,
    "shares": {
      "high": {
        "pure_EV": 0.9849846370106068,
        "pure_eVTOL_fast": 0.0,
        "pure_eVTOL_slow": 0.0,
        "multimodal_EV_to_eVTOL_fast": 0.015014408779434697,
        "multimodal_EV_to_eVTOL_slow": 9.5420995852395e-07
      },
      "low": {
        "pure_EV": 0.7078112007252501,
        "pure_eVTOL_fast": 0.005340477968812693,
        "pure_eVTOL_slow": 0.00045818808954179157,
        "multimodal_EV_to_eVTOL_fast": 0.00932418325077391,
        "multimodal_EV_to_eVTOL_slow": 0.27706594996562156
      },
      "mid": {
        "pure_EV": 0.870169066685194,
        "pure_eVTOL_fast": 0.0,
        "pure_eVTOL_slow": 0.0,
        "multimodal_EV_to_eVTOL_fast": 0.015014234408871337,
        "multimodal_EV_to_eVTOL_slow": 0.11481669890585153
      }
    }
  },
  "pure_evtol_service_class_share": {
    "iteration": 47,
    "od": "B-C",
    "t": 5,
    "shares": {
      "fast": 0.9209838806155944,
      "slow": 0.07901611938440563
    }
  },
  "all_evtol_service_class_share": {
    "iteration": 47,
    "od": "B-C",
    "t": 5,
    "shares": {
      "fast": 0.08223316293971553,
      "slow": 0.9177668370602844
    }
  }
}